instance,algorithm,seed,overall_cost,bin_cost,routing_cost,currency,feasible,evaluations,runtime_s
chennai_guindy_peak,SA,0,38841.923,8209.5547,30632.3683,INR,True,472500,99.96
chennai_guindy_peak,SA,2,38124.63,8173.8945,29950.7355,INR,True,485000,103.41
chennai_guindy_peak,SA,1,38533.605,8209.5547,30324.0503,INR,True,497500,105.77
chennai_guindy_peak,SA,4,38517.8918,7748.8636,30769.0282,INR,True,505000,106.23
chennai_guindy_peak,SA,10,37996.5702,7855.8441,30140.7261,INR,True,510000,107.7
chennai_guindy_peak,SA,5,38515.3936,8179.6772,30335.7164,INR,True,502500,108.27
chennai_guindy_peak,SA,8,38978.3774,8105.4655,30872.9119,INR,True,505000,108.83
chennai_guindy_peak,SA,6,38814.4967,8105.4655,30709.0312,INR,True,517500,110.41
chennai_guindy_peak,SA,9,38615.5113,8069.8053,30545.706,INR,True,530000,113.78
chennai_guindy_peak,SA,7,38870.0657,7959.9334,30910.1323,INR,True,542500,115.14
chennai_guindy_peak,SA,3,38237.8748,7959.9334,30277.9415,INR,True,547500,116.0
chennai_guindy_peak,SA,12,37590.9268,7900.1784,29690.7484,INR,True,467500,98.97
chennai_guindy_peak,SA,16,38845.5446,8527.6051,30317.9395,INR,True,485000,103.05
chennai_guindy_peak,SA,11,38587.6755,7677.5432,30910.1323,INR,True,540000,113.35
chennai_guindy_peak,SA,13,38772.78,7680.4345,31092.3455,INR,True,530000,111.75
chennai_guindy_peak,SA,17,38907.5224,7852.9528,31054.5696,INR,True,525000,111.2
chennai_guindy_peak,SA,15,39108.2125,7644.7743,31463.4382,INR,True,542500,113.55
chennai_guindy_peak,SA,14,38498.7683,7121.4369,31377.3313,INR,True,555000,115.96
chennai_guindy_peak,SA,21,38381.2839,8173.8945,30207.3894,INR,True,517500,108.37
chennai_guindy_peak,SA,20,37378.6932,7998.4849,29380.2083,INR,True,522500,110.27
chennai_guindy_peak,SA,18,37864.0338,7828.858,30035.1757,INR,True,550000,115.65
chennai_guindy_peak,SA,19,38419.9962,7858.7355,30561.2607,INR,True,532500,112.66
chennai_guindy_peak,SA,22,38203.2428,7710.312,30492.9308,INR,True,532500,84.86
chennai_guindy_peak,SA,23,38731.494,8179.6772,30551.8168,INR,True,505000,78.79
chennai_guindy_peak,SA,28,39651.3955,8489.0535,31162.342,INR,True,477500,69.91
chennai_guindy_peak,SA,24,39307.1274,8215.3374,31091.79,INR,True,535000,81.22
chennai_guindy_peak,SA,25,38857.8279,8105.4655,30752.3624,INR,True,522500,78.36
chennai_guindy_peak,SA,29,38241.4964,8277.9837,29963.5126,INR,True,500000,72.7
chennai_guindy_peak,SA,26,39067.5665,8277.9837,30789.5827,INR,True,530000,79.11
chennai_guindy_peak,SA,27,37946.602,7724.7688,30221.8331,INR,True,535000,78.7
