instance,algorithm,seed,overall_cost,bin_cost,routing_cost,currency,feasible,penalty,shift_limit_min,n_routes,routes_over_tl,longest_route_min,evaluations,runtime_s
chennai_guindy_peak_tl96,SA,5,37806.6772,8004.2676,29802.4095,INR,True,0.0,96.0,7,0,91.75,515000,220.74
chennai_guindy_peak_tl96,SA,2,38123.0016,7930.0559,30192.9457,INR,True,0.0,96.0,7,0,89.52,510000,221.2
chennai_guindy_peak_tl96,SA,4,38878.8697,7825.9667,31052.903,INR,True,0.0,96.0,7,0,91.22,525000,225.61
chennai_guindy_peak_tl96,SA,10,37945.5989,7680.4345,30265.1643,INR,True,0.0,96.0,7,0,90.54,520000,227.76
chennai_guindy_peak_tl96,SA,9,38752.5358,7900.1784,30852.3574,INR,True,0.0,96.0,7,0,88.62,517500,228.32
chennai_guindy_peak_tl96,SA,0,38094.1824,8209.5547,29884.6277,INR,True,0.0,96.0,7,0,86.88,525000,229.69
chennai_guindy_peak_tl96,SA,6,40426.6859,7748.8636,32677.8223,INR,True,0.0,96.0,8,0,88.53,532500,230.69
chennai_guindy_peak_tl96,SA,3,38165.1404,7636.1002,30529.0401,INR,True,0.0,96.0,7,0,87.89,537500,230.92
chennai_guindy_peak_tl96,SA,1,38788.5403,7784.5238,31004.0165,INR,True,0.0,96.0,7,0,92.52,537500,233.18
chennai_guindy_peak_tl96,SA,7,38466.0604,7400.9357,31065.1246,INR,True,0.0,96.0,7,0,86.14,545000,236.36
chennai_guindy_peak_tl96,SA,8,37916.9154,7864.5182,30052.3971,INR,True,0.0,96.0,7,0,92.1,550000,237.63
chennai_guindy_peak_tl96,SA,12,41265.3651,8135.3429,33130.0221,INR,True,0.0,96.0,8,0,88.03,492500,177.28
chennai_guindy_peak_tl96,SA,15,38317.8693,8039.9278,30277.9415,INR,True,0.0,96.0,7,0,86.09,507500,177.29
chennai_guindy_peak_tl96,SA,13,37552.9616,7650.5571,29902.4046,INR,True,0.0,96.0,7,0,84.78,542500,184.75
chennai_guindy_peak_tl96,SA,11,39087.3982,7930.0559,31157.3423,INR,True,0.0,96.0,7,0,86.4,547500,190.0
chennai_guindy_peak_tl96,SA,19,37962.7805,8004.2676,29958.5129,INR,True,0.0,96.0,7,0,91.75,520000,178.35
chennai_guindy_peak_tl96,SA,16,38774.7731,7754.6463,31020.1269,INR,True,0.0,96.0,7,0,89.76,532500,181.89
chennai_guindy_peak_tl96,SA,14,39511.0914,7614.8969,31896.1945,INR,True,0.0,96.0,8,0,84.78,537500,184.17
chennai_guindy_peak_tl96,SA,21,39188.2841,7891.5043,31296.7798,INR,True,0.0,96.0,7,0,87.03,522500,175.37
chennai_guindy_peak_tl96,SA,18,38676.6737,7680.4345,30996.2391,INR,True,0.0,96.0,7,0,94.88,545000,184.45
chennai_guindy_peak_tl96,SA,17,38250.2013,8075.588,30174.6133,INR,True,0.0,96.0,7,0,84.75,560000,187.68
chennai_guindy_peak_tl96,SA,20,39032.0061,7576.3453,31455.6608,INR,True,0.0,96.0,7,0,88.74,552500,182.13
chennai_guindy_peak_tl96,SA,22,38756.9272,8209.5547,30547.3725,INR,True,0.0,96.0,7,0,91.48,520000,113.89
chennai_guindy_peak_tl96,SA,25,39012.2646,8105.4655,30906.7991,INR,True,0.0,96.0,7,0,90.55,515000,114.78
chennai_guindy_peak_tl96,SA,27,38055.6455,8105.4655,29950.18,INR,True,0.0,96.0,7,0,90.91,520000,120.89
chennai_guindy_peak_tl96,SA,24,39056.0068,8313.6439,30742.3629,INR,True,0.0,96.0,7,0,82.63,540000,125.0
chennai_guindy_peak_tl96,SA,23,38231.249,6901.693,31329.5559,INR,True,0.0,96.0,7,0,86.62,555000,129.77
chennai_guindy_peak_tl96,SA,26,37948.9629,7469.3648,30479.5981,INR,True,0.0,96.0,7,0,87.1,535000,124.38
chennai_guindy_peak_tl96,SA,29,38289.2791,8245.2149,30044.0642,INR,True,0.0,96.0,7,0,84.55,535000,124.0
chennai_guindy_peak_tl96,SA,28,37916.834,7570.5626,30346.2714,INR,True,0.0,96.0,7,0,86.24,562500,133.72
