instance,algorithm,seed,overall_cost,bin_cost,routing_cost,feasible,evaluations,runtime_s
i.12.1,GA,5,209.6974,48.34,161.3574,True,445600,209.65
i.12.1,GA,6,213.8884,44.3,169.5884,True,445600,211.52
i.12.1,GA,10,207.9525,45.01,162.9425,True,445600,212.53
i.12.1,GA,2,212.534,51.24,161.294,True,445600,213.46
i.12.1,GA,7,212.7139,51.27,161.4439,True,445600,215.01
i.12.1,GA,4,212.4052,48.65,163.7552,True,445600,215.47
i.12.1,GA,8,209.2478,48.34,160.9078,True,445600,215.58
i.12.1,GA,3,208.9509,52.32,156.6309,True,445600,215.84
i.12.1,GA,9,208.9816,47.97,161.0116,True,445600,219.03
i.12.1,GA,1,222.6592,50.5,172.1592,True,445600,220.38
i.12.1,GA,0,211.4126,49.45,161.9626,True,445600,220.76
i.12.1,GA,12,210.4525,48.34,162.1125,True,445600,212.05
i.12.1,GA,11,210.5155,50.87,159.6455,True,445600,217.46
i.12.1,GA,13,209.4672,46.15,163.3172,True,445600,214.6
i.12.1,GA,17,213.051,47.97,165.081,True,445600,215.19
i.12.1,GA,14,209.5875,50.87,158.7175,True,445600,219.76
i.12.1,GA,18,214.2533,48.74,165.5133,True,445600,219.46
i.12.1,GA,15,212.1755,50.87,161.3055,True,445600,221.12
i.12.1,GA,16,210.8051,49.05,161.7551,True,445600,221.07
i.12.1,GA,19,205.853,46.83,159.023,True,445600,217.51
i.12.1,GA,20,205.4713,47.97,157.5013,True,445600,219.19
i.12.1,GA,21,207.5008,51.55,155.9508,True,445600,219.75
i.12.1,GA,22,208.1727,45.38,162.7927,True,445600,160.25
i.12.1,GA,24,208.8061,49.42,159.3861,True,445600,159.5
i.12.1,GA,23,207.8364,43.62,164.2164,True,445600,160.95
i.12.1,GA,25,211.2789,49.42,161.8589,True,445600,162.33
i.12.1,GA,26,207.4614,53.09,154.3714,True,445600,160.09
i.12.1,GA,28,212.7921,44.76,168.0321,True,445600,157.73
i.12.1,GA,27,211.1352,46.89,164.2452,True,445600,159.37
i.12.1,GA,29,213.2074,50.19,163.0174,True,445600,158.56
